train_id,train_type,scheduled_time,time_of_day,day_of_week,weather,congestion,historical_delay,actual_delay
1000,Express,2025-09-01 06:00:00,6.0,0,Fog,0.6295377076201385,9.589132583813546,9.823285958536882
1001,Express,2025-09-01 06:05:00,6.083333333333333,0,Rain,0.4531726086101639,9.644896011828674,8.877461282675766
1002,Express,2025-09-01 06:10:00,6.166666666666667,0,Fog,0.4061051228130096,6.058333131237524,6.521750824049986
1003,Express,2025-09-01 06:15:00,6.25,0,Clear,0.4068540492859486,-0.5622875292409727,0.0
1004,Local,2025-09-01 06:20:00,6.333333333333333,0,Clear,0.3183951848957578,2.5514124756255177,1.0857637067039638
1005,Express,2025-09-01 06:25:00,6.416666666666667,0,Clear,0.45484473990269286,2.751225580075658,2.6403029903657917
1006,Local,2025-09-01 06:30:00,6.5,0,Clear,0.379872262016239,3.0941394602814833,3.6958460725108804
1007,Express,2025-09-01 06:35:00,6.583333333333333,0,Clear,0.8704556369017875,6.646979995646081,7.867823645617103
1008,Express,2025-09-01 06:40:00,6.666666666666667,0,Clear,0.23436279022031387,3.538365793055541,2.7998992130601303
1009,Express,2025-09-01 06:45:00,6.75,0,Clear,0.534273656237994,3.6732416770621947,3.9743453726514835
1010,Express,2025-09-01 06:50:00,6.833333333333333,0,Clear,0.4078722458080425,5.905096216854547,5.561477927286086
1011,Express,2025-09-01 06:55:00,6.916666666666667,0,Rain,0.1473919689274532,3.14218410179367,2.530507812952802
1012,Express,2025-09-01 07:00:00,7.0,0,Rain,0.7061999044991902,8.260542142004901,9.09975966522754
1013,Freight,2025-09-01 07:05:00,7.083333333333333,0,Clear,0.43815752482975706,5.4849376966241445,5.670596673287962
1014,Express,2025-09-01 07:10:00,7.166666666666667,0,Clear,0.6625051644788396,7.615500922434348,7.687511044014682
1015,Express,2025-09-01 07:15:00,7.25,0,Clear,0.7007065795784049,7.465067254953226,5.927030688487257
1016,Freight,2025-09-01 07:20:00,7.333333333333333,0,Clear,0.0,5.7308520769886195,5.643805008750448
1017,Express,2025-09-01 07:25:00,7.416666666666667,0,Clear,0.4401985299068265,3.5589599752776815,3.2018474037659352
1018,Local,2025-09-01 07:30:00,7.5,0,Clear,0.33830127942136246,3.941695707061176,3.026293589359102
1019,Freight,2025-09-01 07:35:00,7.583333333333333,0,Clear,0.5657502219319369,8.557301420820592,7.588656430287703
1020,Freight,2025-09-01 07:40:00,7.666666666666667,0,Rain,0.35958938122452955,7.110103841019483,7.502211994151641
1021,Freight,2025-09-01 07:45:00,7.75,0,Rain,0.20729701037357628,7.019421842151233,7.2540089755263795
1022,Local,2025-09-01 07:50:00,7.833333333333333,0,Clear,0.4314570966946461,2.8229023300586293,2.9841880417246385
1023,Local,2025-09-01 07:55:00,7.916666666666667,0,Clear,0.5808101713629077,5.925515893856808,5.999961809622976
1024,Freight,2025-09-01 08:00:00,8.0,0,Clear,0.11624575694019168,4.704677000683743,4.644446790742717
1025,Express,2025-09-01 08:05:00,8.083333333333334,0,Clear,0.9926484224970573,6.872715947753711,6.571168605420099
1026,Express,2025-09-01 08:10:00,8.166666666666666,0,Clear,0.7285645629030041,7.66628538983462,6.875253442791573
1027,Express,2025-09-01 08:15:00,8.25,0,Clear,0.3181225090410522,6.272904867656832,4.082449241846854
1028,Express,2025-09-01 08:20:00,8.333333333333334,0,Rain,0.3018927349738623,3.7784123157252716,3.6787609506376304
1029,Local,2025-09-01 08:25:00,8.416666666666666,0,Clear,0.39930486917676017,1.3630653277343223,1.294502352928295
1030,Local,2025-09-01 08:30:00,8.5,0,Clear,0.31611515315323935,6.213306436618278,6.996559728954515
1031,Freight,2025-09-01 08:35:00,8.583333333333334,0,Rain,0.4355876967588649,9.009696298858575,10.24056061529253
1032,Freight,2025-09-01 08:40:00,8.666666666666666,0,Clear,0.17850335308775445,5.700170629839558,5.440287835591135
1033,Express,2025-09-01 08:45:00,8.75,0,Clear,0.656364574355462,6.279055250599754,5.982070577366568
1034,Freight,2025-09-01 08:50:00,8.833333333333334,0,Clear,0.3639950556843018,6.9415502017265,6.648477728427818
1035,Express,2025-09-01 08:55:00,8.916666666666666,0,Clear,0.35712971639472646,7.348160241569659,6.874327320657872
1036,Local,2025-09-01 09:00:00,9.0,0,Clear,0.3050636659545357,6.563146782219523,5.404551203212119
1037,Local,2025-09-01 09:05:00,9.083333333333334,0,Rain,0.33586353632965793,9.556094520620876,7.659301537966928
1038,Express,2025-09-01 09:10:00,9.166666666666666,0,Clear,0.32209711407489533,1.223860405104391,1.3009621145184953
1039,Freight,2025-09-01 09:15:00,9.25,0,Clear,0.5682303949633287,8.888920230693104,7.435386153535787
1040,Local,2025-09-01 09:20:00,9.333333333333334,0,Clear,0.6251334695530013,2.965593206424331,4.036485704485443
1041,Freight,2025-09-01 09:25:00,9.416666666666666,0,Fog,0.5964944830486371,9.846041821732213,9.13204132764012
1042,Express,2025-09-01 09:30:00,9.5,0,Rain,0.594647524914709,5.575433606106103,6.422227324174508
1043,Freight,2025-09-01 09:35:00,9.583333333333334,0,Clear,0.19703055506282707,4.364632039925382,5.61037081863737
1044,Freight,2025-09-01 09:40:00,9.666666666666666,0,Clear,0.3232285127597734,6.305030006895696,6.246821288449696
1045,Freight,2025-09-01 09:45:00,9.75,0,Clear,0.27140594043387534,8.848340180988709,7.794538128953806
1046,Express,2025-09-01 09:50:00,9.833333333333334,0,Clear,0.603007053441732,6.160661908780858,5.64561422247481
1047,Freight,2025-09-01 09:55:00,9.916666666666666,0,Clear,1.0,12.559394778292203,11.908003526986406
1048,Freight,2025-09-01 10:00:00,10.0,0,Clear,0.3454349570924856,5.113608981245792,5.598972529074896
1049,Local,2025-09-01 10:05:00,10.083333333333334,0,Clear,0.5163748278772645,4.858053476822962,6.470769348012614
1050,Express,2025-09-01 10:10:00,10.166666666666666,0,Clear,0.40561362684211333,5.675862974082875,5.611582954987412
1051,Freight,2025-09-01 10:15:00,10.25,0,Clear,0.28445104441413877,4.462431592632535,4.24597300305056
1052,Express,2025-09-01 10:20:00,10.333333333333334,0,Clear,0.9287888178650652,5.815428365168806,7.840570951826413
1053,Freight,2025-09-01 10:25:00,10.416666666666666,0,Clear,0.5372908629538855,5.5239672593910125,5.638703700857912
1054,Express,2025-09-01 10:30:00,10.5,0,Fog,0.6009974557960914,7.1371987160610155,8.337495123116792
1055,Express,2025-09-01 10:35:00,10.583333333333334,0,Clear,0.43309975283181035,7.5344887085140115,7.129506997553056
1056,Local,2025-09-01 10:40:00,10.666666666666666,0,Clear,0.9244312394025267,8.092147991563442,9.611517957517455
1057,Express,2025-09-01 10:45:00,10.75,0,Clear,0.4031531854267497,5.081192022282291,4.306557968852955
1058,Local,2025-09-01 10:50:00,10.833333333333334,0,Clear,0.0,-0.2525681513931603,0.0
1059,Express,2025-09-01 10:55:00,10.916666666666666,0,Clear,0.2504433636070301,1.7533117855343048,1.6225712082482135
1060,Express,2025-09-01 11:00:00,11.0,0,Clear,0.732632750430992,4.434753973577175,5.416262624625126
1061,Express,2025-09-01 11:05:00,11.083333333333334,0,Clear,0.5924206948526541,4.308814742234202,4.694128339095962
1062,Freight,2025-09-01 11:10:00,11.166666666666666,0,Clear,0.8172033632290705,8.560622556376991,6.427589181720724
1063,Freight,2025-09-01 11:15:00,11.25,0,Clear,0.10958244009549961,4.596778856222469,5.219478376043063
1064,Express,2025-09-01 11:20:00,11.333333333333334,0,Clear,0.3821270486111577,5.348981971674043,4.991966485708995
1065,Local,2025-09-01 11:25:00,11.416666666666666,0,Rain,0.36141808094786915,8.423861565288748,7.794232723365135
1066,Express,2025-09-01 11:30:00,11.5,0,Clear,0.6494587210246524,6.096591263050695,6.1174928570148435
1067,Express,2025-09-01 11:35:00,11.583333333333334,0,Clear,0.5234654766617564,5.03279496987672,5.234987622310614
1068,Freight,2025-09-01 11:40:00,11.666666666666666,0,Clear,0.665083269797606,10.922997697941241,9.617518890786913
1069,Express,2025-09-01 11:45:00,11.75,0,Rain,0.5042007683265518,6.54339426056851,6.673537314936195
1070,Freight,2025-09-01 11:50:00,11.833333333333334,0,Clear,0.3363558633533055,9.19689234999105,10.202909731490752
1071,Local,2025-09-01 11:55:00,11.916666666666666,0,Clear,0.25716227744245357,5.419558808023312,4.791213298759032
1072,Express,2025-09-01 12:00:00,12.0,0,Clear,0.5151609116387452,3.711761780225999,2.7366420468082477
1073,Express,2025-09-01 12:05:00,12.083333333333334,0,Clear,0.47058852369957227,4.085669497944707,4.649394050748682
1074,Local,2025-09-01 12:10:00,12.166666666666666,0,Clear,0.5489933142217446,3.8090352289698854,4.280073534588208
1075,Express,2025-09-01 12:15:00,12.25,0,Fog,0.5464099874715272,1.9748274674579598,3.382291241834515
1076,Freight,2025-09-01 12:20:00,12.333333333333334,0,Rain,0.3563111557495128,8.021880196671386,7.710972631073382
1077,Local,2025-09-01 12:25:00,12.416666666666666,0,Rain,0.7950712433899104,7.729865679896276,8.732395044534085
1078,Express,2025-09-01 12:30:00,12.5,0,Clear,0.5645437120676179,3.252146899542234,2.7328003853010614
1079,Freight,2025-09-01 12:35:00,12.583333333333334,0,Clear,0.8065477826005156,9.818354207139482,10.219574679025317
1080,Express,2025-09-01 12:40:00,12.666666666666666,0,Fog,0.5448184963620833,6.391771878284922,6.29409577973609
1081,Freight,2025-09-01 12:45:00,12.75,0,Clear,0.34539804322890666,9.933946301048731,8.974675474963524
1082,Local,2025-09-01 12:50:00,12.833333333333334,0,Clear,0.6744641273441356,8.60327170875919,6.413468775541517
1083,Express,2025-09-01 12:55:00,12.916666666666666,0,Clear,0.3383403429289697,-0.525755021680761,0.0
1084,Local,2025-09-01 13:00:00,13.0,0,Clear,0.5683511951554319,10.112872687550414,9.162448849364363
1085,Local,2025-09-01 13:05:00,13.083333333333334,0,Clear,0.3846192688675194,3.4987079650181863,1.6672491991638325
1086,Freight,2025-09-01 13:10:00,13.166666666666666,0,Rain,0.7358880241442574,7.7638423115652575,9.476976840656135
1087,Freight,2025-09-01 13:15:00,13.25,0,Rain,0.7707744748330826,11.633383470466722,10.39556715849326
1088,Local,2025-09-01 13:20:00,13.333333333333334,0,Clear,0.5010487399436366,4.65018815571206,5.100253627191304
1089,Local,2025-09-01 13:25:00,13.416666666666666,0,Clear,0.6245699864694998,6.502450016299545,5.988011182240796
1090,Express,2025-09-01 13:30:00,13.5,0,Clear,0.19317716585287553,5.0467306508938625,4.714416638914271
1091,Local,2025-09-01 13:35:00,13.583333333333334,0,Clear,0.3503026926886893,6.527929005669898,6.460410524259789
1092,Local,2025-09-01 13:40:00,13.666666666666666,0,Clear,0.4502071703041853,7.289760873318971,6.644384923733823
1093,Freight,2025-09-01 13:45:00,13.75,0,Clear,0.7737263115064698,9.00046735631488,10.759206842737994
1094,Express,2025-09-01 13:50:00,13.833333333333334,0,Clear,0.44611863311108846,6.614153362354483,5.111796310258455
1095,Express,2025-09-01 13:55:00,13.916666666666666,0,Clear,0.514818956083955,0.6266011588968017,0.6821488577934205
1096,Local,2025-09-01 14:00:00,14.0,0,Fog,0.08651157999202463,3.036359900421717,4.34082940092657
1097,Express,2025-09-01 14:05:00,14.083333333333334,0,Clear,0.6339345097660077,4.596923764462388,5.5368035507897435
1098,Express,2025-09-01 14:10:00,14.166666666666666,0,Clear,0.4874641805453656,4.849343677939126,5.83506972427467
1099,Express,2025-09-01 14:15:00,14.25,0,Clear,0.6008093031035688,2.7514677496141875,3.5443405818765314
1100,Express,2025-09-01 14:20:00,14.333333333333334,0,Clear,0.47859392800908845,1.2474296178686004,1.8010789232157824
1101,Local,2025-09-01 14:25:00,14.416666666666666,0,Clear,0.26042442148223033,2.3770754236424323,2.1630955129082103
1102,Freight,2025-09-01 14:30:00,14.5,0,Rain,0.477534390061834,9.037433841347982,8.423267141304557
1103,Express,2025-09-01 14:35:00,14.583333333333334,0,Clear,0.651501542009461,2.056984693017893,4.358905857753478
1104,Local,2025-09-01 14:40:00,14.666666666666666,0,Clear,0.8289935427002568,7.052446140144551,6.475889177088784
1105,Local,2025-09-01 14:45:00,14.75,0,Clear,0.5622500309087072,4.162124561890284,5.1176650024907095
1106,Local,2025-09-01 14:50:00,14.833333333333334,0,Clear,0.34872985094313935,0.6012988022209608,1.2478716864634873
1107,Express,2025-09-01 14:55:00,14.916666666666666,0,Rain,0.28369039927712103,8.958065422757306,8.076425665807855
1108,Freight,2025-09-01 15:00:00,15.0,0,Clear,0.5154736615295237,6.893397643790272,5.3702735665206145
1109,Local,2025-09-01 15:05:00,15.083333333333334,0,Clear,0.6077820087369318,2.51265581468774,3.895455545652076
1110,Local,2025-09-01 15:10:00,15.166666666666666,0,Clear,0.22028648523617173,3.7970148156763455,4.447657384798172
1111,Express,2025-09-01 15:15:00,15.25,0,Clear,0.4025749232470608,2.681542678960981,3.512492795372019
1112,Local,2025-09-01 15:20:00,15.333333333333334,0,Fog,0.45221039062671803,4.321363689108779,4.898135019677111
1113,Express,2025-09-01 15:25:00,15.416666666666666,0,Clear,0.6510782451651512,5.8565212052211475,5.105134081849359
1114,Local,2025-09-01 15:30:00,15.5,0,Clear,0.36747524821083066,4.582789669908786,5.346048826451303
1115,Local,2025-09-01 15:35:00,15.583333333333334,0,Clear,0.13902357986709618,2.4492698575411325,3.353586482645541
1116,Express,2025-09-01 15:40:00,15.666666666666666,0,Clear,0.4867840402705367,0.8468357342961473,1.4986718420983065
1117,Express,2025-09-01 15:45:00,15.75,0,Clear,0.5094797342632829,5.49257215448543,6.069464024008578
1118,Express,2025-09-01 15:50:00,15.833333333333334,0,Clear,0.6059608355830566,5.047257754686851,7.51890225481414
1119,Express,2025-09-01 15:55:00,15.916666666666666,0,Rain,0.34062094890590466,5.182032253462226,5.786017440178046
1120,Freight,2025-09-01 16:00:00,16.0,0,Clear,0.51731795749458,7.960335335843128,6.792553274183321
1121,Express,2025-09-01 16:05:00,16.083333333333332,0,Clear,0.5508841686602426,2.8975343759968477,3.3300925638164687
1122,Express,2025-09-01 16:10:00,16.166666666666668,0,Rain,0.5579549713792826,11.369656128998265,10.498531425566574
1123,Express,2025-09-01 16:15:00,16.25,0,Rain,0.43479529356643176,0.5244363801254786,1.5325226910428826
1124,Local,2025-09-01 16:20:00,16.333333333333332,0,Clear,0.5036836758379103,8.70190405334219,8.374976679578028
1125,Express,2025-09-01 16:25:00,16.416666666666668,0,Clear,0.45617989423822713,4.9791736755334615,4.208308481646495
1126,Express,2025-09-01 16:30:00,16.5,0,Rain,0.2042827508440317,6.851700998972463,6.513204591478049
1127,Local,2025-09-01 16:35:00,16.583333333333332,0,Clear,0.4169424172198397,5.113607599736365,4.865387013436028
1128,Express,2025-09-01 16:40:00,16.666666666666668,0,Clear,0.6660671633088491,3.3558015652547524,3.28423532803536
1129,Freight,2025-09-01 16:45:00,16.75,0,Rain,0.40446851064697664,9.991874553542912,10.501890952397659
1130,Express,2025-09-01 16:50:00,16.833333333333332,0,Rain,0.44602501294132574,3.274329386007228,3.7186226460833396
1131,Express,2025-09-01 16:55:00,16.916666666666668,0,Clear,0.5754600986089704,7.547610290670093,6.191972431865143
1132,Local,2025-09-01 17:00:00,17.0,0,Clear,0.3452421601792854,-0.19657669445140047,1.5821435544528781
1133,Local,2025-09-01 17:05:00,17.083333333333332,0,Rain,0.7992088622978366,8.229701379128283,9.35519042642666
1134,Local,2025-09-01 17:10:00,17.166666666666668,0,Clear,0.5218789589209786,7.063816233059969,6.582807001323255
1135,Freight,2025-09-01 17:15:00,17.25,0,Clear,0.5447768048558262,12.378129868240002,11.032709822085025
1136,Local,2025-09-01 17:20:00,17.333333333333332,0,Clear,0.3020790359482838,3.6166252877791005,3.560900375490406
1137,Local,2025-09-01 17:25:00,17.416666666666668,0,Clear,0.7188383036941897,5.570132955059739,5.997014025007159
1138,Freight,2025-09-01 17:30:00,17.5,0,Clear,0.29757912494796646,3.2989319899181746,2.47576140595626
1139,Express,2025-09-01 17:35:00,17.583333333333332,0,Clear,0.5146635934376808,5.085433687335221,3.4164121620458276
1140,Express,2025-09-01 17:40:00,17.666666666666668,0,Clear,0.45085138718281115,0.46277454065995416,3.159661183601526
1141,Freight,2025-09-01 17:45:00,17.75,0,Clear,0.48914102669643755,11.759323379617074,10.632758350069317
1142,Express,2025-09-01 17:50:00,17.833333333333332,0,Clear,0.4462222618890339,4.037641557100724,1.4642817538508628
1143,Express,2025-09-01 17:55:00,17.916666666666668,0,Clear,0.5118436868028976,4.322871230429153,4.467231642353096
1144,Express,2025-09-01 18:00:00,18.0,0,Clear,0.49344934595680034,2.1610007507961075,2.873846533473272
1145,Freight,2025-09-01 18:05:00,18.083333333333332,0,Clear,0.5212860455383793,2.917283508366714,1.8257766564442521
1146,Local,2025-09-01 18:10:00,18.166666666666668,0,Clear,0.43146248118393027,2.4383814603941776,3.8458931551119986
1147,Local,2025-09-01 18:15:00,18.25,0,Clear,0.3444366624818249,7.20953185618003,5.937976761185872
1148,Express,2025-09-01 18:20:00,18.333333333333332,0,Clear,0.644334412808647,2.08338266813765,2.6079029344174236
1149,Local,2025-09-01 18:25:00,18.416666666666668,0,Clear,0.5978749122455836,4.731777869607634,5.106598677157232
1150,Freight,2025-09-01 18:30:00,18.5,0,Rain,0.427806766836184,9.804436880145703,10.8855002077456
1151,Express,2025-09-01 18:35:00,18.583333333333332,0,Rain,0.6231871213888528,6.140275196432049,7.391388772817352
1152,Local,2025-09-01 18:40:00,18.666666666666668,0,Rain,0.3954553958961921,7.766407136508172,8.470750827050932
1153,Local,2025-09-01 18:45:00,18.75,0,Clear,0.21830774072728804,2.503781921355527,0.7489877393711621
1154,Local,2025-09-01 18:50:00,18.833333333333332,0,Clear,0.5422034934405237,4.5148756500934075,5.059794736902357
1155,Freight,2025-09-01 18:55:00,18.916666666666668,0,Clear,0.5798272228704142,7.857720396008442,7.707418634546564
1156,Local,2025-09-01 19:00:00,19.0,0,Clear,0.5615603537784118,0.6008399152515067,1.9490253373572197
1157,Express,2025-09-01 19:05:00,19.083333333333332,0,Rain,0.6486528188045431,7.276366484319716,6.928784778958045
1158,Express,2025-09-01 19:10:00,19.166666666666668,0,Clear,0.5391690510195363,2.686521506601625,2.278268750887153
1159,Local,2025-09-01 19:15:00,19.25,0,Rain,0.15948327915243188,6.4516501274878575,5.468959143542343
1160,Local,2025-09-01 19:20:00,19.333333333333332,0,Clear,0.13182515373367093,-0.39302158876505644,0.2317969889306224
1161,Express,2025-09-01 19:25:00,19.416666666666668,0,Clear,0.5052182100421667,3.6494598568538343,4.404842789207157
1162,Express,2025-09-01 19:30:00,19.5,0,Clear,0.3153533507778191,-0.7871223595430855,0.18875089343424722
1163,Local,2025-09-01 19:35:00,19.583333333333332,0,Clear,0.7107283593215679,7.43584208138606,7.251005957691186
1164,Freight,2025-09-01 19:40:00,19.666666666666668,0,Clear,0.3848724347524452,9.11333877607419,6.553254237805395
1165,Express,2025-09-01 19:45:00,19.75,0,Clear,0.48078802005507004,5.585551774972007,3.814751139336497
1166,Local,2025-09-01 19:50:00,19.833333333333332,0,Clear,0.6415503870910951,5.356776509813557,4.724368770758035
1167,Express,2025-09-01 19:55:00,19.916666666666668,0,Clear,0.694510889925346,3.4652723523508344,3.712790987902339
1168,Freight,2025-09-01 20:00:00,20.0,0,Clear,0.48511331417999076,8.329725081114555,8.1520240801813
1169,Freight,2025-09-01 20:05:00,20.083333333333332,0,Clear,0.23293112825797974,7.5979483909645795,6.517167665409958
1170,Local,2025-09-01 20:10:00,20.166666666666668,0,Rain,0.4859668577082706,4.023497498350227,3.5938792792176413
1171,Express,2025-09-01 20:15:00,20.25,0,Clear,0.5415375374326222,3.140264997112112,2.0871121437792084
1172,Freight,2025-09-01 20:20:00,20.333333333333332,0,Fog,0.492088969228669,10.343853586247723,10.315535210117263
1173,Express,2025-09-01 20:25:00,20.416666666666668,0,Rain,0.505951227899149,5.765673632571819,6.2279489212768615
1174,Express,2025-09-01 20:30:00,20.5,0,Clear,0.5444267543267426,4.564819408207022,3.309063282633501
1175,Express,2025-09-01 20:35:00,20.583333333333332,0,Clear,0.3210785395560992,6.016981782555636,5.820427006044061
1176,Express,2025-09-01 20:40:00,20.666666666666668,0,Clear,0.5534100531738517,6.182005899565409,6.0997219102899845
1177,Freight,2025-09-01 20:45:00,20.75,0,Clear,0.7130960750130703,8.653346990063257,7.243999549877677
1178,Local,2025-09-01 20:50:00,20.833333333333332,0,Clear,0.41089949571984563,8.951738074285187,7.372165928554475
1179,Express,2025-09-01 20:55:00,20.916666666666668,0,Clear,0.39542799456934635,-0.2349850011366743,0.6836669453475239
1180,Express,2025-09-01 21:00:00,21.0,0,Clear,0.4930630225226438,5.977308093022981,4.426807600208904
1181,Express,2025-09-01 21:05:00,21.083333333333332,0,Rain,0.30032919185224183,6.55663110384111,6.770619948066619
1182,Freight,2025-09-01 21:10:00,21.166666666666668,0,Clear,0.2754555956875403,6.584005274706399,6.417553066493343
1183,Local,2025-09-01 21:15:00,21.25,0,Clear,0.5984902528016298,3.7844645933053296,4.315461548307147
1184,Express,2025-09-01 21:20:00,21.333333333333332,0,Clear,0.3725225745386964,7.033672757437137,5.6131685094472825
1185,Local,2025-09-01 21:25:00,21.416666666666668,0,Clear,0.38585074125010477,3.843590176694197,3.210658358938686
1186,Express,2025-09-01 21:30:00,21.5,0,Clear,0.8095010402660123,8.835972897302732,9.448761587787118
1187,Freight,2025-09-01 21:35:00,21.583333333333332,0,Fog,0.42245968801280315,9.440945699513653,9.106488909526629
1188,Local,2025-09-01 21:40:00,21.666666666666668,0,Clear,0.4646105545011901,1.811749609915706,3.191068837930233
1189,Freight,2025-09-01 21:45:00,21.75,0,Clear,0.3538139920116162,5.311449305636253,5.087661353997355
1190,Freight,2025-09-01 21:50:00,21.833333333333332,0,Clear,1.0,8.448823011641137,8.938262454159359
1191,Local,2025-09-01 21:55:00,21.916666666666668,0,Clear,0.7088321754138144,7.061557332347755,7.420849423134815
1192,Freight,2025-09-01 22:00:00,22.0,0,Clear,0.6640964362394728,10.065801369240587,8.999126679651432
1193,Local,2025-09-01 22:05:00,22.083333333333332,0,Clear,0.7338591180891345,6.215632234334421,6.068918547901098
1194,Express,2025-09-01 22:10:00,22.166666666666668,0,Clear,0.5737346617745802,3.6844751689275776,3.6557303459927604
1195,Express,2025-09-01 22:15:00,22.25,0,Clear,0.7556903725214598,5.962776919324714,5.916340371168565
1196,Local,2025-09-01 22:20:00,22.333333333333332,0,Clear,0.6290968362282151,9.79331222902721,10.10109046398021
1197,Freight,2025-09-01 22:25:00,22.416666666666668,0,Clear,0.5438300655327878,7.351410854193162,7.0723893284228225
1198,Local,2025-09-01 22:30:00,22.5,0,Rain,0.41071327708989436,7.926091398195753,6.852459648335981
1199,Express,2025-09-01 22:35:00,22.583333333333332,0,Clear,0.2946969401177879,3.635087993772637,5.158274898556412
1200,Express,2025-09-01 22:40:00,22.666666666666668,0,Rain,0.3882156305456823,7.649241562637476,6.083717533403136
1201,Local,2025-09-01 22:45:00,22.75,0,Clear,0.4868499477854024,-0.17373407074015512,2.025071885879927
1202,Express,2025-09-01 22:50:00,22.833333333333332,0,Clear,0.29575343657385733,4.435034227813049,4.19123351404185
1203,Local,2025-09-01 22:55:00,22.916666666666668,0,Clear,0.3871842738526543,5.524332135253864,5.623507999033247
1204,Local,2025-09-01 23:00:00,23.0,0,Clear,0.19489496581505222,1.7399676387723266,1.7855536551278244
1205,Freight,2025-09-01 23:05:00,23.083333333333332,0,Clear,0.5486678898645384,6.232693094879601,4.788928490806342
1206,Freight,2025-09-01 23:10:00,23.166666666666668,0,Clear,0.5685450692755408,8.894544134193017,8.324776853960813
1207,Freight,2025-09-01 23:15:00,23.25,0,Clear,0.589541712003463,8.63929636901223,7.9302926114237176
1208,Freight,2025-09-01 23:20:00,23.333333333333332,0,Clear,0.364721539588146,9.750052152706164,9.790210103350507
1209,Express,2025-09-01 23:25:00,23.416666666666668,0,Clear,0.21384497957639037,3.3117329961333994,3.9643569754357904
1210,Express,2025-09-01 23:30:00,23.5,0,Clear,0.40953873615018466,-1.5839028234857233,0.0
1211,Local,2025-09-01 23:35:00,23.583333333333332,0,Rain,0.6520829312288595,5.930833944972752,5.978545301114732
1212,Express,2025-09-01 23:40:00,23.666666666666668,0,Fog,0.49927949218188633,5.1823458764733825,3.678947574706232
1213,Local,2025-09-01 23:45:00,23.75,0,Clear,0.6754724581151343,4.427865496161621,6.4696003645859115
1214,Express,2025-09-01 23:50:00,23.833333333333332,0,Clear,0.29967599802101685,4.033541929203714,2.2358554023541912
1215,Freight,2025-09-01 23:55:00,23.916666666666668,0,Clear,0.628168572253402,11.492355989605183,10.567722306692415
1216,Express,2025-09-02 00:00:00,0.0,1,Rain,0.5119260739840348,5.475906202106651,4.777682888493061
1217,Freight,2025-09-02 00:05:00,0.08333333333333333,1,Rain,0.5786970770843499,11.036052681584202,11.57128789314477
1218,Express,2025-09-02 00:10:00,0.16666666666666666,1,Rain,0.7634788131268652,10.051332960771255,7.97607208814599
1219,Local,2025-09-02 00:15:00,0.25,1,Clear,0.36216243638208645,2.3862527770093003,2.870138611063622
1220,Freight,2025-09-02 00:20:00,0.3333333333333333,1,Clear,0.6045670976070999,6.455647985504458,6.4800025777654415
1221,Local,2025-09-02 00:25:00,0.4166666666666667,1,Clear,0.9284540717223728,7.766762713388899,7.646731386670638
1222,Express,2025-09-02 00:30:00,0.5,1,Clear,0.448524692515331,0.7532031299420864,0.3539800073368071
1223,Freight,2025-09-02 00:35:00,0.5833333333333334,1,Clear,0.6294391879405482,3.8607289214287865,5.3251038016386065
1224,Freight,2025-09-02 00:40:00,0.6666666666666666,1,Clear,0.5448903637119944,11.047466478954144,9.363538787496275
1225,Local,2025-09-02 00:45:00,0.75,1,Rain,0.408223147426212,6.987744222162305,6.104084284675633
1226,Express,2025-09-02 00:50:00,0.8333333333333334,1,Clear,0.7953080699451791,7.90646842645645,8.532031127965979
1227,Freight,2025-09-02 00:55:00,0.9166666666666666,1,Rain,0.5791607066874818,7.702730564495999,8.374353932434051
1228,Freight,2025-09-02 01:00:00,1.0,1,Clear,0.49488918580171093,9.858393307923428,9.314793153328996
1229,Local,2025-09-02 01:05:00,1.0833333333333333,1,Clear,0.4258771335827788,5.11308042346278,6.852794202240879
1230,Express,2025-09-02 01:10:00,1.1666666666666667,1,Clear,0.24106370485581885,4.30033460258006,4.7680358038919515
1231,Freight,2025-09-02 01:15:00,1.25,1,Clear,0.5693007763461432,6.2864562160088,7.56944844019737
1232,Express,2025-09-02 01:20:00,1.3333333333333333,1,Rain,0.18868362026804975,4.776631190310784,3.2758713996764737
1233,Express,2025-09-02 01:25:00,1.4166666666666667,1,Clear,0.6700443484226986,6.453743971662267,4.376995988101426
1234,Freight,2025-09-02 01:30:00,1.5,1,Rain,0.7060566908063685,10.454876317070534,10.713918462891238
1235,Express,2025-09-02 01:35:00,1.5833333333333335,1,Clear,0.46073003018300435,5.271585154179285,5.219639268371986
1236,Express,2025-09-02 01:40:00,1.6666666666666665,1,Clear,0.6465280154431159,4.7963701227576205,4.71773493244153
1237,Express,2025-09-02 01:45:00,1.75,1,Clear,0.10035986309357847,3.7813030038644264,3.4348145279664335
1238,Local,2025-09-02 01:50:00,1.8333333333333335,1,Clear,0.9176749409561455,8.335053206164043,7.226870389426526
1239,Express,2025-09-02 01:55:00,1.9166666666666665,1,Clear,0.2920188145748938,3.418606319924539,1.5045749660577525
1240,Freight,2025-09-02 02:00:00,2.0,1,Clear,0.6740135461377509,9.185863957915291,9.035445052771715
1241,Local,2025-09-02 02:05:00,2.0833333333333335,1,Clear,0.5729922004932451,6.890805692397017,5.840151296389405
1242,Express,2025-09-02 02:10:00,2.1666666666666665,1,Rain,0.7211051865915967,10.339421952699524,9.70069173067034
1243,Express,2025-09-02 02:15:00,2.25,1,Clear,0.27139901745390327,2.479389185182128,3.233665035201486
1244,Freight,2025-09-02 02:20:00,2.3333333333333335,1,Clear,0.4871723306814015,7.901916020145643,7.58055880469537
1245,Local,2025-09-02 02:25:00,2.4166666666666665,1,Clear,0.584384150847057,5.982078802789402,5.017991634501044
1246,Express,2025-09-02 02:30:00,2.5,1,Clear,0.6194800139699717,5.821662065081634,6.119225568441626
1247,Freight,2025-09-02 02:35:00,2.5833333333333335,1,Clear,0.7751413626623239,8.320283574987673,8.304704527406205
1248,Express,2025-09-02 02:40:00,2.6666666666666665,1,Clear,0.8189010126449945,3.2280910297770036,4.219483379233311
1249,Express,2025-09-02 02:45:00,2.75,1,Clear,0.06932197727925704,5.7097792732909145,4.69996218394828
1250,Local,2025-09-02 02:50:00,2.8333333333333335,1,Clear,0.6963530973983189,3.0290501024990952,5.528455817372668
1251,Express,2025-09-02 02:55:00,2.9166666666666665,1,Clear,0.9581885145181483,2.324587406624806,3.969986153581698
1252,Local,2025-09-02 03:00:00,3.0,1,Clear,0.7768545637021036,8.383699963982627,7.788945622317341
1253,Freight,2025-09-02 03:05:00,3.0833333333333335,1,Clear,0.6706831117560615,9.823147274079275,9.541955850109899
1254,Express,2025-09-02 03:10:00,3.1666666666666665,1,Rain,0.34920708222666474,2.840935525431055,4.533892339626441
1255,Express,2025-09-02 03:15:00,3.25,1,Clear,0.48033207464105004,5.6337830364978565,4.241780750153257
1256,Express,2025-09-02 03:20:00,3.3333333333333335,1,Clear,0.3020743726859325,3.7115012185537175,4.693988612092027
1257,Express,2025-09-02 03:25:00,3.4166666666666665,1,Clear,0.45507337000059506,2.6071657373772856,3.94119123229549
1258,Freight,2025-09-02 03:30:00,3.5,1,Clear,0.18140125329366613,5.949719196756114,5.969356995682795
1259,Freight,2025-09-02 03:35:00,3.5833333333333335,1,Clear,0.6104979908834296,7.484031409471139,7.913436950596392
1260,Freight,2025-09-02 03:40:00,3.6666666666666665,1,Clear,0.5097720140651408,6.437823778991854,7.139815466798609
1261,Local,2025-09-02 03:45:00,3.75,1,Clear,0.36741981648981037,1.0238872303603848,1.716792428156292
1262,Freight,2025-09-02 03:50:00,3.8333333333333335,1,Clear,0.44101006434159445,8.468053907153166,9.141544531397034
1263,Local,2025-09-02 03:55:00,3.9166666666666665,1,Clear,0.5557988324447604,3.269416866836564,2.9595961566095363
1264,Freight,2025-09-02 04:00:00,4.0,1,Rain,0.46294246822445834,8.561824881859007,8.518013409879897
1265,Local,2025-09-02 04:05:00,4.083333333333333,1,Clear,0.47059959967430226,2.3388110484510682,3.708614028030146
1266,Local,2025-09-02 04:10:00,4.166666666666667,1,Clear,0.3392650864060538,8.991524943400897,7.313824129324457
1267,Local,2025-09-02 04:15:00,4.25,1,Fog,0.3892823516584011,9.102056891449495,7.473660268320957
1268,Express,2025-09-02 04:20:00,4.333333333333333,1,Clear,0.38366381721027126,0.6231918968098866,1.2724694418758937
1269,Express,2025-09-02 04:25:00,4.416666666666667,1,Clear,0.25521194664754865,1.44294785726316,2.9988435034667873
1270,Freight,2025-09-02 04:30:00,4.5,1,Clear,0.10125287148570888,6.58329936108269,5.355630368609398
1271,Freight,2025-09-02 04:35:00,4.583333333333333,1,Clear,0.2580717962617589,9.312594560612004,8.89357555124596
1272,Local,2025-09-02 04:40:00,4.666666666666667,1,Clear,0.6116653825043445,6.360759070297259,5.822003077850891
1273,Express,2025-09-02 04:45:00,4.75,1,Clear,0.31586528138412673,1.7688319241425698,2.6727395656073596
1274,Freight,2025-09-02 04:50:00,4.833333333333333,1,Clear,0.7182620241188538,8.435535621854898,9.527848386527477
1275,Freight,2025-09-02 04:55:00,4.916666666666667,1,Rain,0.4367183100610396,11.188222173964508,11.046505260324604
1276,Local,2025-09-02 05:00:00,5.0,1,Clear,0.5384098232980064,4.7457669161653175,4.612226011383036
1277,Freight,2025-09-02 05:05:00,5.083333333333333,1,Clear,0.46950603272389124,3.913824321769671,5.245057275327449
1278,Express,2025-09-02 05:10:00,5.166666666666667,1,Rain,0.13275892537934064,3.709169599927258,4.812536206101131
1279,Local,2025-09-02 05:15:00,5.25,1,Clear,0.0694218814095034,3.2428802398288754,2.4043894653772337
1280,Freight,2025-09-02 05:20:00,5.333333333333333,1,Rain,0.516365871709513,9.819492406862562,8.900415923874792
1281,Freight,2025-09-02 05:25:00,5.416666666666667,1,Rain,0.4419450911622697,8.307531989224042,7.31548963968752
1282,Express,2025-09-02 05:30:00,5.5,1,Clear,0.6073019687140807,2.8750570060715384,2.84687584870241
1283,Local,2025-09-02 05:35:00,5.583333333333333,1,Rain,0.4981762006711593,7.756769585736956,6.939003286536669
1284,Local,2025-09-02 05:40:00,5.666666666666667,1,Clear,0.5020705239686761,1.3236370160363649,2.3887506791117374
1285,Express,2025-09-02 05:45:00,5.75,1,Clear,0.43895505912906646,4.276722958925344,3.747030204568613
1286,Freight,2025-09-02 05:50:00,5.833333333333333,1,Clear,0.512894882962024,2.187100771245647,3.1264361650644013
1287,Local,2025-09-02 05:55:00,5.916666666666667,1,Clear,0.47118248885567693,9.107358449518772,7.888596597821456
1288,Express,2025-09-02 06:00:00,6.0,1,Clear,0.4573114258139584,6.873988285785766,6.725320828583655
1289,Freight,2025-09-02 06:05:00,6.083333333333333,1,Clear,0.43258280577639213,5.066221821088345,5.368691507576473
1290,Local,2025-09-02 06:10:00,6.166666666666667,1,Clear,0.5321147962099729,5.635718987313016,5.198780817566666
1291,Express,2025-09-02 06:15:00,6.25,1,Clear,0.7381292549572682,1.255253171178973,0.32093325993969923
1292,Express,2025-09-02 06:20:00,6.333333333333333,1,Rain,0.2266242603169158,2.740101732056768,3.9102147581161275
1293,Freight,2025-09-02 06:25:00,6.416666666666667,1,Clear,0.13960391248399606,1.0935603813056276,3.6846026734505375
1294,Express,2025-09-02 06:30:00,6.5,1,Clear,0.39075111034950344,2.649203104127985,4.128114672902114
1295,Express,2025-09-02 06:35:00,6.583333333333333,1,Clear,0.5366719839558312,4.768703704990084,4.1894122053889955
1296,Express,2025-09-02 06:40:00,6.666666666666667,1,Clear,0.7393143003328982,5.091522116433517,5.118826655943449
1297,Express,2025-09-02 06:45:00,6.75,1,Clear,0.31334640818536075,4.2458948094076625,2.5341863292653186
1298,Express,2025-09-02 06:50:00,6.833333333333333,1,Clear,0.7942340654987217,4.677684300028682,5.346757038688598
1299,Local,2025-09-02 06:55:00,6.916666666666667,1,Clear,0.7079809374792153,7.115825959408127,7.60373736755383
1300,Express,2025-09-02 07:00:00,7.0,1,Rain,0.9314616426531007,8.119435381921235,7.3773400099119275
1301,Local,2025-09-02 07:05:00,7.083333333333333,1,Clear,0.5598585160812983,4.66974152427314,5.423159394619323
1302,Express,2025-09-02 07:10:00,7.166666666666667,1,Clear,0.9026774495053247,6.3238138078853146,6.689135359197423
1303,Express,2025-09-02 07:15:00,7.25,1,Clear,0.5369360611729816,0.5557497494678454,1.527363787978497
1304,Express,2025-09-02 07:20:00,7.333333333333333,1,Clear,0.2906178034636121,5.002716480499242,3.8170123258362447
1305,Express,2025-09-02 07:25:00,7.416666666666667,1,Clear,0.6437906621330134,6.098044255840253,6.854839344409713
1306,Local,2025-09-02 07:30:00,7.5,1,Clear,0.4354640322315728,5.439312302328401,4.111118160479343
1307,Local,2025-09-02 07:35:00,7.583333333333333,1,Clear,0.611246001880132,5.308279678601743,4.3804395505205065
1308,Freight,2025-09-02 07:40:00,7.666666666666667,1,Clear,0.8056936852825063,10.38812970332392,9.849833624274286
1309,Express,2025-09-02 07:45:00,7.75,1,Clear,0.7145014674619604,1.2310338273536934,3.197390416729695
1310,Local,2025-09-02 07:50:00,7.833333333333333,1,Clear,0.4557492752828456,4.488275749728333,4.180869051919233
1311,Express,2025-09-02 07:55:00,7.916666666666667,1,Rain,0.6631474425078594,6.927221177962633,6.644641227474334
1312,Freight,2025-09-02 08:00:00,8.0,1,Clear,0.5981949903276502,9.721806782732948,9.058925514065535
1313,Express,2025-09-02 08:05:00,8.083333333333334,1,Clear,0.734694771497065,5.556187638695844,6.207544532487673
1314,Freight,2025-09-02 08:10:00,8.166666666666666,1,Clear,0.7476566142867271,8.83731585179145,8.528482839192487
1315,Local,2025-09-02 08:15:00,8.25,1,Clear,0.8404429889270476,6.412914465669556,8.173677224825374
1316,Local,2025-09-02 08:20:00,8.333333333333334,1,Rain,0.7579505508165492,9.75561002345544,9.894066007439212
1317,Express,2025-09-02 08:25:00,8.416666666666666,1,Clear,0.2551403527421269,1.2622751476714102,2.1127956018807104
1318,Freight,2025-09-02 08:30:00,8.5,1,Clear,0.8339809008702812,8.597345402832465,9.79322846486765
1319,Express,2025-09-02 08:35:00,8.583333333333334,1,Clear,0.5889205336440282,4.28017706324753,4.265488868518333
1320,Freight,2025-09-02 08:40:00,8.666666666666666,1,Clear,0.343020337383552,7.233734743381249,7.354682891989031
1321,Express,2025-09-02 08:45:00,8.75,1,Clear,0.5839064887814056,5.57536849625221,5.948201648343977
1322,Freight,2025-09-02 08:50:00,8.833333333333334,1,Clear,0.845392770246681,8.497768976002767,8.273084250250882
1323,Express,2025-09-02 08:55:00,8.916666666666666,1,Clear,0.686518166374618,3.330380472534701,2.0677963691075187
1324,Freight,2025-09-02 09:00:00,9.0,1,Clear,0.38962837082151064,10.88992119760818,11.454168796265568
1325,Local,2025-09-02 09:05:00,9.083333333333334,1,Clear,0.5369102606394074,10.552834947702383,9.34446871710924
1326,Local,2025-09-02 09:10:00,9.166666666666666,1,Rain,0.6556722152333275,6.01346297532059,6.831661858742898
1327,Express,2025-09-02 09:15:00,9.25,1,Clear,0.4993251085178096,6.344030754590799,5.388725546020288
1328,Freight,2025-09-02 09:20:00,9.333333333333334,1,Clear,0.271662177173299,4.525831823877552,5.242654144480357
1329,Express,2025-09-02 09:25:00,9.416666666666666,1,Clear,0.12669267658538796,5.4178672305513675,4.78705554599659
1330,Freight,2025-09-02 09:30:00,9.5,1,Rain,0.29516263513415897,12.700194638998683,11.47916094347333
1331,Express,2025-09-02 09:35:00,9.583333333333334,1,Clear,0.6164195406937232,5.042852311724419,3.954103692020233
1332,Local,2025-09-02 09:40:00,9.666666666666666,1,Clear,0.4022301156427452,2.3150320741896526,2.1741458272784486
1333,Express,2025-09-02 09:45:00,9.75,1,Rain,0.14631212688742967,1.3510966903212982,2.9457997575880936
1334,Freight,2025-09-02 09:50:00,9.833333333333334,1,Rain,0.6027200213139433,7.381001612849549,8.550918448559838
1335,Express,2025-09-02 09:55:00,9.916666666666666,1,Clear,0.0,2.7172217865684716,0.9449701898987275
1336,Local,2025-09-02 10:00:00,10.0,1,Clear,0.3795575879276439,4.216508600527619,5.214894039715911
1337,Freight,2025-09-02 10:05:00,10.083333333333334,1,Clear,0.5603583799638931,6.958168376646487,7.161842126823453
1338,Express,2025-09-02 10:10:00,10.166666666666666,1,Clear,0.45470422161969465,5.376540969583774,4.462956343350524
1339,Local,2025-09-02 10:15:00,10.25,1,Clear,0.339364209863931,3.2462389913388905,3.993450670486714
1340,Express,2025-09-02 10:20:00,10.333333333333334,1,Clear,0.015151947945411637,3.5958463774870024,2.8590024803945693
1341,Express,2025-09-02 10:25:00,10.416666666666666,1,Clear,0.44373448857635733,4.312327583611987,3.796388365907888
1342,Freight,2025-09-02 10:30:00,10.5,1,Clear,0.18749082862269145,4.861104296665387,4.066839617043559
1343,Express,2025-09-02 10:35:00,10.583333333333334,1,Clear,0.2491421153661501,3.3920711747664694,3.427712657063953
1344,Local,2025-09-02 10:40:00,10.666666666666666,1,Clear,0.35308168464039014,2.698554431044522,2.497985233813579
1345,Local,2025-09-02 10:45:00,10.75,1,Clear,0.729727469885743,7.929103427238747,7.235997819975603
1346,Express,2025-09-02 10:50:00,10.833333333333334,1,Clear,0.3344819558702561,2.1070404893286794,3.179179501314286
1347,Express,2025-09-02 10:55:00,10.916666666666666,1,Rain,0.0,4.777054449401531,3.873119608315336
1348,Local,2025-09-02 11:00:00,11.0,1,Clear,0.6238308522010396,9.878769760305042,9.857976052629635
1349,Freight,2025-09-02 11:05:00,11.083333333333334,1,Clear,0.3543994117541731,4.035276105625715,4.834468112275968
1350,Express,2025-09-02 11:10:00,11.166666666666666,1,Clear,0.5245340631989591,7.719640569248906,7.396561296132877
1351,Freight,2025-09-02 11:15:00,11.25,1,Rain,0.44952929957474247,6.55036245092071,8.113553259617367
1352,Freight,2025-09-02 11:20:00,11.333333333333334,1,Clear,0.6766219554294318,7.723577424960361,7.904057338550986
1353,Express,2025-09-02 11:25:00,11.416666666666666,1,Clear,1.0,7.295730516785667,6.147284807588913
1354,Freight,2025-09-02 11:30:00,11.5,1,Fog,0.5226540821075529,7.178597470585787,6.259368536010584
1355,Local,2025-09-02 11:35:00,11.583333333333334,1,Clear,0.36637118289220116,4.584599667770818,3.303583306035705
1356,Freight,2025-09-02 11:40:00,11.666666666666666,1,Clear,0.596946563458895,5.24541623845416,5.888966070771622
1357,Freight,2025-09-02 11:45:00,11.75,1,Rain,0.7059921635162323,9.162753853642316,9.566402316884313
1358,Express,2025-09-02 11:50:00,11.833333333333334,1,Rain,0.30897548413012943,7.763575955210843,5.701051035967699
1359,Express,2025-09-02 11:55:00,11.916666666666666,1,Rain,0.28649341714914545,6.179619971655818,4.767399416240389
1360,Freight,2025-09-02 12:00:00,12.0,1,Clear,0.287521294370624,6.394597695634492,6.581741960639041
1361,Express,2025-09-02 12:05:00,12.083333333333334,1,Clear,0.6971459991359726,10.147211739963952,7.557648097945338
1362,Freight,2025-09-02 12:10:00,12.166666666666666,1,Rain,0.5388768603154672,8.865412419733119,8.526928576271427
1363,Freight,2025-09-02 12:15:00,12.25,1,Clear,0.4409197179721941,5.7723117384029266,4.632433177273882
1364,Local,2025-09-02 12:20:00,12.333333333333334,1,Rain,0.07562902019828105,4.535124693561931,3.238130147000822
1365,Express,2025-09-02 12:25:00,12.416666666666666,1,Clear,0.49542638754022356,6.200531946451826,5.653798378250447
1366,Express,2025-09-02 12:30:00,12.5,1,Clear,0.42164837019123563,3.30044554161985,1.6850698521504086
1367,Local,2025-09-02 12:35:00,12.583333333333334,1,Clear,0.435535906157732,6.178216920524265,6.609837233242313
1368,Local,2025-09-02 12:40:00,12.666666666666666,1,Fog,0.3192596278539743,5.38523653940725,6.564276330567052
1369,Local,2025-09-02 12:45:00,12.75,1,Clear,0.7375358776923128,6.732886035542083,6.99179100924616
1370,Express,2025-09-02 12:50:00,12.833333333333334,1,Rain,0.6742594594914488,4.479976976001608,4.353597396455196
1371,Express,2025-09-02 12:55:00,12.916666666666666,1,Clear,0.887785799811657,7.53411228012737,7.3545304981877715
1372,Freight,2025-09-02 13:00:00,13.0,1,Clear,0.6269442937123539,10.390884103115082,9.98106544618657
1373,Local,2025-09-02 13:05:00,13.083333333333334,1,Clear,0.4517484690762915,3.4706940170219602,4.445223321692602
1374,Local,2025-09-02 13:10:00,13.166666666666666,1,Rain,0.06546609079719273,5.552311713130077,6.0876398990839995
1375,Freight,2025-09-02 13:15:00,13.25,1,Rain,0.48189334353916785,9.874777324943242,10.310263695513086
1376,Express,2025-09-02 13:20:00,13.333333333333334,1,Rain,0.6477620961775006,7.181868843046515,8.11730754509111
1377,Freight,2025-09-02 13:25:00,13.416666666666666,1,Clear,0.7171964232350064,10.87593684300784,9.037753166212719
1378,Express,2025-09-02 13:30:00,13.5,1,Clear,0.49611607882245345,4.17027880920822,3.3703369072661697
1379,Express,2025-09-02 13:35:00,13.583333333333334,1,Clear,0.1767378783126824,5.671655826405171,3.961042453823246
1380,Freight,2025-09-02 13:40:00,13.666666666666666,1,Clear,0.4791101562925057,6.607069654488194,6.537017491375013
1381,Express,2025-09-02 13:45:00,13.75,1,Rain,0.732375660521638,5.777916677483466,5.539547694748681
1382,Express,2025-09-02 13:50:00,13.833333333333334,1,Rain,0.695039525956486,8.36200711221735,8.172425495618606
1383,Local,2025-09-02 13:55:00,13.916666666666666,1,Clear,0.7002092185134282,3.0624710479692645,4.893103944825722
1384,Freight,2025-09-02 14:00:00,14.0,1,Clear,0.4725102970744616,10.353089134841293,8.740810876852647
1385,Local,2025-09-02 14:05:00,14.083333333333334,1,Clear,0.7629828907168095,5.126798810206873,6.728764622104042
1386,Express,2025-09-02 14:10:00,14.166666666666666,1,Clear,0.9341885434995627,6.376564442917189,6.2533596361327035
1387,Freight,2025-09-02 14:15:00,14.25,1,Clear,0.6102970752080935,6.6110911830168995,6.4164837277796565
1388,Express,2025-09-02 14:20:00,14.333333333333334,1,Clear,0.37764618181894294,2.7625012722995734,3.1918034968168336
1389,Freight,2025-09-02 14:25:00,14.416666666666666,1,Clear,0.36151580402522876,3.2733543241790097,3.3564598968077046
1390,Local,2025-09-02 14:30:00,14.5,1,Clear,0.5164879505869007,1.8746156275416799,2.1838247045915433
1391,Freight,2025-09-02 14:35:00,14.583333333333334,1,Clear,0.34956871888188334,2.462093453147228,2.3470673739998107
1392,Freight,2025-09-02 14:40:00,14.666666666666666,1,Clear,0.5426393256475378,5.432843354740971,5.751897290407589
1393,Local,2025-09-02 14:45:00,14.75,1,Rain,0.3407948286393022,9.786489529527206,9.847150343341827
1394,Freight,2025-09-02 14:50:00,14.833333333333334,1,Clear,0.35831864661790747,1.3193434182258457,3.1224830944817907
1395,Freight,2025-09-02 14:55:00,14.916666666666666,1,Clear,0.183172811398902,2.8316937784052607,1.9366554643291454
1396,Freight,2025-09-02 15:00:00,15.0,1,Fog,0.4033877896633121,10.326133390206397,8.713912761950972
1397,Express,2025-09-02 15:05:00,15.083333333333334,1,Clear,0.6793678631731064,0.05342305713760831,0.7725763763800284
1398,Express,2025-09-02 15:10:00,15.166666666666666,1,Clear,0.47374860658153906,3.771339423598692,3.9961954054067705
1399,Freight,2025-09-02 15:15:00,15.25,1,Clear,0.369999483835308,5.450131127872426,4.039198748126156
1400,Local,2025-09-02 15:20:00,15.333333333333334,1,Clear,0.6416428846513115,7.269426204348117,6.316289570434872
1401,Freight,2025-09-02 15:25:00,15.416666666666666,1,Clear,0.5574248330403648,5.165656289377388,5.057096583600865
1402,Express,2025-09-02 15:30:00,15.5,1,Clear,0.4742924977122138,-0.46666801246295675,0.08205689527800475
1403,Express,2025-09-02 15:35:00,15.583333333333334,1,Clear,0.518568980228223,5.776654714884238,6.642829563098738
1404,Local,2025-09-02 15:40:00,15.666666666666666,1,Rain,0.37075453803123937,8.58151218164998,9.77514901340646
1405,Express,2025-09-02 15:45:00,15.75,1,Clear,0.6838308347220003,7.637869093861706,7.887915608460659
1406,Freight,2025-09-02 15:50:00,15.833333333333334,1,Rain,0.4731382517058904,11.253934777107121,10.460446056554908
1407,Express,2025-09-02 15:55:00,15.916666666666666,1,Clear,0.1502936053523638,5.093559177625081,3.9668540407974975
1408,Express,2025-09-02 16:00:00,16.0,1,Clear,0.2788590663028129,1.9352780530536653,2.2433123372394066
1409,Express,2025-09-02 16:05:00,16.083333333333332,1,Clear,0.655932106453868,8.951893941752381,7.556210130962425
1410,Express,2025-09-02 16:10:00,16.166666666666668,1,Clear,0.16331236155580992,1.3329856694399398,0.3681340363424821
1411,Express,2025-09-02 16:15:00,16.25,1,Clear,0.8231165647096463,6.166049033159631,5.885887874340024
1412,Local,2025-09-02 16:20:00,16.333333333333332,1,Clear,0.40523213058581675,4.9487724897620415,4.402488241758342
1413,Express,2025-09-02 16:25:00,16.416666666666668,1,Clear,0.5012844539621876,3.4609697754803275,3.830980805362455
1414,Express,2025-09-02 16:30:00,16.5,1,Clear,0.4482407874665795,7.44765851375015,6.886739065808911
1415,Express,2025-09-02 16:35:00,16.583333333333332,1,Fog,0.4409039363941679,6.705512937630468,7.039332427386478
1416,Local,2025-09-02 16:40:00,16.666666666666668,1,Rain,0.47853957119915425,6.195795126746981,7.766671278815481
1417,Local,2025-09-02 16:45:00,16.75,1,Clear,0.27464650621803893,9.34420918247105,7.112909036278417
1418,Freight,2025-09-02 16:50:00,16.833333333333332,1,Rain,0.1397884531694522,4.96559936764043,5.753383119548669
1419,Express,2025-09-02 16:55:00,16.916666666666668,1,Clear,0.3758304803497768,0.7479102561175338,0.0
1420,Local,2025-09-02 17:00:00,17.0,1,Clear,0.9148165339499947,3.1198424977807924,5.650130020527122
1421,Freight,2025-09-02 17:05:00,17.083333333333332,1,Rain,0.4427991556239778,12.817061657961602,10.858714203741009
1422,Local,2025-09-02 17:10:00,17.166666666666668,1,Clear,0.4069379086439893,6.8740740902727,4.229730743255665
1423,Express,2025-09-02 17:15:00,17.25,1,Fog,0.1994059343209693,5.171608100680396,4.703914928914962
1424,Local,2025-09-02 17:20:00,17.333333333333332,1,Rain,0.5616101079008204,6.855490453806447,6.58636351256134
1425,Express,2025-09-02 17:25:00,17.416666666666668,1,Rain,0.4313615449005179,6.313107243522502,6.34237005720748
1426,Local,2025-09-02 17:30:00,17.5,1,Rain,0.1453935063586237,6.4904717387171065,7.396204039579725
1427,Freight,2025-09-02 17:35:00,17.583333333333332,1,Clear,0.369246732270236,5.0818804993240185,1.9441319656640248
1428,Local,2025-09-02 17:40:00,17.666666666666668,1,Rain,0.4890211998767427,8.02635777735511,7.50523534897577
1429,Local,2025-09-02 17:45:00,17.75,1,Fog,0.6290431171900114,7.228308578871904,7.379581862525416
1430,Freight,2025-09-02 17:50:00,17.833333333333332,1,Clear,0.6187113444561724,2.487391573938235,1.831490797408474
1431,Express,2025-09-02 17:55:00,17.916666666666668,1,Clear,0.538947238943755,7.429435335757415,6.481908873634557
1432,Local,2025-09-02 18:00:00,18.0,1,Clear,0.3056686530917428,0.4480583643826307,1.0747755889725958
1433,Express,2025-09-02 18:05:00,18.083333333333332,1,Fog,0.6724786944765517,9.454207677708776,8.941122257611484
1434,Express,2025-09-02 18:10:00,18.166666666666668,1,Clear,0.6450191573695995,5.260989923224561,5.902471518447514
1435,Freight,2025-09-02 18:15:00,18.25,1,Clear,0.5863845089347881,10.604437643759079,9.896133796558015
1436,Freight,2025-09-02 18:20:00,18.333333333333332,1,Clear,0.49469574815018796,5.041358222501929,5.204425186445692
1437,Local,2025-09-02 18:25:00,18.416666666666668,1,Clear,0.3510194710387102,2.2133154545932983,2.5212769842323386
1438,Freight,2025-09-02 18:30:00,18.5,1,Rain,0.12127706660924287,7.155455289763559,7.154249814401335
1439,Freight,2025-09-02 18:35:00,18.583333333333332,1,Clear,0.33658227378636185,2.0416491354140085,2.8043739139802226
1440,Express,2025-09-02 18:40:00,18.666666666666668,1,Clear,0.6658949683863498,4.343202691461881,4.607717532772492
1441,Express,2025-09-02 18:45:00,18.75,1,Clear,0.0992275271186493,1.9926073612027437,1.715230423244552
1442,Express,2025-09-02 18:50:00,18.833333333333332,1,Clear,0.0,3.1682102710182436,1.3676990895073897
1443,Express,2025-09-02 18:55:00,18.916666666666668,1,Clear,0.7477892705878875,6.127434617097477,7.100980816801946
1444,Freight,2025-09-02 19:00:00,19.0,1,Rain,0.7120419814997759,16.18398793399958,15.791571966820811
1445,Express,2025-09-02 19:05:00,19.083333333333332,1,Clear,0.39820727485850027,1.5905349488597815,1.9998173869728855
1446,Local,2025-09-02 19:10:00,19.166666666666668,1,Clear,0.33551601352355986,6.255364480708499,6.255157415790302
1447,Express,2025-09-02 19:15:00,19.25,1,Clear,0.4981399357722771,3.488240865466806,3.333050181607827
1448,Freight,2025-09-02 19:20:00,19.333333333333332,1,Clear,0.6650196529335269,5.597740997104105,6.255857486179361
1449,Express,2025-09-02 19:25:00,19.416666666666668,1,Clear,0.43925479424466707,3.557476199091412,2.683087018378685
1450,Freight,2025-09-02 19:30:00,19.5,1,Rain,0.6701795924335945,10.136798827731663,9.746333977802774
1451,Express,2025-09-02 19:35:00,19.583333333333332,1,Clear,0.47935564941350073,-0.13427916218630415,0.0
1452,Local,2025-09-02 19:40:00,19.666666666666668,1,Clear,0.6930794969182341,8.719396016083278,8.63073842512184
1453,Express,2025-09-02 19:45:00,19.75,1,Clear,0.5394631414811191,6.672205585597815,5.468321148428998
1454,Express,2025-09-02 19:50:00,19.833333333333332,1,Clear,0.5001055917713194,3.7591922323526044,5.203047048486146
1455,Express,2025-09-02 19:55:00,19.916666666666668,1,Clear,0.04076380937255236,0.08052214212322076,0.2283024609406923
1456,Freight,2025-09-02 20:00:00,20.0,1,Clear,0.565348952920464,8.615249580787843,7.993042436744441
1457,Local,2025-09-02 20:05:00,20.083333333333332,1,Rain,0.27223337644384615,5.902504260105346,6.974361493145501
1458,Local,2025-09-02 20:10:00,20.166666666666668,1,Clear,0.5752819052195033,2.7779252413273046,3.647588322601999
1459,Local,2025-09-02 20:15:00,20.25,1,Clear,0.7250869568829539,5.187672197610369,4.549280272001986
1460,Freight,2025-09-02 20:20:00,20.333333333333332,1,Clear,0.39117719957716146,6.0623965607141015,6.021477385318381
1461,Express,2025-09-02 20:25:00,20.416666666666668,1,Rain,0.29956250884370544,3.3458258477736833,4.340175222382196
1462,Local,2025-09-02 20:30:00,20.5,1,Clear,0.9825230843225832,9.445086701997152,9.464347081731546
1463,Freight,2025-09-02 20:35:00,20.583333333333332,1,Clear,0.44742183415834647,5.437227069001262,4.3229053743323895
1464,Freight,2025-09-02 20:40:00,20.666666666666668,1,Clear,0.5876951477619454,8.238265437926472,7.565404201959653
1465,Express,2025-09-02 20:45:00,20.75,1,Clear,0.6183628267482756,6.4629097025088145,4.913889551013627
1466,Express,2025-09-02 20:50:00,20.833333333333332,1,Clear,0.5329521682473033,4.472830077566265,4.299488413195856
1467,Freight,2025-09-02 20:55:00,20.916666666666668,1,Clear,0.5487906395817,3.2624388557569235,4.090935880537169
1468,Express,2025-09-02 21:00:00,21.0,1,Clear,0.4793490479701905,0.41386226108073737,0.5897166655128085
1469,Express,2025-09-02 21:05:00,21.083333333333332,1,Fog,0.8322940331456037,8.266238081184229,8.035537175465546
1470,Freight,2025-09-02 21:10:00,21.166666666666668,1,Clear,0.24796704696548394,3.8798830853900124,4.2550794657139495
1471,Local,2025-09-02 21:15:00,21.25,1,Clear,0.43645698064875316,2.64233074845046,2.395825970018455
1472,Freight,2025-09-02 21:20:00,21.333333333333332,1,Clear,0.8161081373136747,6.055602929015972,6.8664604402263105
1473,Freight,2025-09-02 21:25:00,21.416666666666668,1,Clear,0.24848442821707672,7.389624578838141,7.465575602480664
1474,Freight,2025-09-02 21:30:00,21.5,1,Clear,0.33297141967399535,8.56924493431546,10.176905961433519
1475,Local,2025-09-02 21:35:00,21.583333333333332,1,Clear,0.5369481157791449,4.484165201861453,4.84161062467188
1476,Freight,2025-09-02 21:40:00,21.666666666666668,1,Clear,0.057627617734098635,5.988675956547098,7.412633108997243
1477,Express,2025-09-02 21:45:00,21.75,1,Rain,0.44666953415311705,5.410081634092098,4.821528364321378
1478,Freight,2025-09-02 21:50:00,21.833333333333332,1,Clear,0.18037512962325047,8.030905733190242,6.006596109903389
1479,Express,2025-09-02 21:55:00,21.916666666666668,1,Clear,0.22736519908143787,3.2351133842904507,3.2159656068746987
1480,Freight,2025-09-02 22:00:00,22.0,1,Clear,0.8608696219573486,9.503168090437676,8.783410148289494
1481,Local,2025-09-02 22:05:00,22.083333333333332,1,Clear,0.24134540842576724,6.771917856412193,6.416304507626533
1482,Local,2025-09-02 22:10:00,22.166666666666668,1,Clear,0.2499184532060565,5.590874434270482,4.708541371947073
1483,Freight,2025-09-02 22:15:00,22.25,1,Clear,0.4095819334333839,5.517919513893289,5.584052128519112
1484,Local,2025-09-02 22:20:00,22.333333333333332,1,Clear,0.42833196959575554,4.019100177804152,3.274908206304215
1485,Freight,2025-09-02 22:25:00,22.416666666666668,1,Clear,0.4637551653563794,6.8050889477684375,5.483784915495425
1486,Express,2025-09-02 22:30:00,22.5,1,Clear,0.12669200972787675,3.0905496122811007,3.775179438041105
1487,Local,2025-09-02 22:35:00,22.583333333333332,1,Clear,0.6581251198325537,4.257170979500285,3.52640686043376
1488,Express,2025-09-02 22:40:00,22.666666666666668,1,Rain,0.5028546135672868,3.7022125296836497,4.10924884261043
1489,Freight,2025-09-02 22:45:00,22.75,1,Clear,0.6372636913913402,10.212221705667961,11.776463317379012
1490,Local,2025-09-02 22:50:00,22.833333333333332,1,Clear,0.32024319033537435,1.0717114997572328,1.2608318905342664
1491,Freight,2025-09-02 22:55:00,22.916666666666668,1,Clear,0.6843300223848918,5.191539806360179,5.203628754206234
1492,Local,2025-09-02 23:00:00,23.0,1,Clear,0.6773774780194601,2.61852742412752,5.222741280754654
1493,Freight,2025-09-02 23:05:00,23.083333333333332,1,Rain,0.5397896293592989,10.639248480151053,11.710302159800102
1494,Freight,2025-09-02 23:10:00,23.166666666666668,1,Clear,0.14428248319869663,5.000818720022463,5.504998551030134
1495,Express,2025-09-02 23:15:00,23.25,1,Clear,0.48369546537967084,2.584909051442826,2.5507566339548013
1496,Freight,2025-09-02 23:20:00,23.333333333333332,1,Clear,0.2825508122274395,4.203027898550769,3.523654615594266
1497,Freight,2025-09-02 23:25:00,23.416666666666668,1,Rain,0.27024119296826876,3.492269047892764,4.169833700228419
1498,Express,2025-09-02 23:30:00,23.5,1,Clear,0.40711914753812245,5.150227181015123,4.3668366717325275
1499,Freight,2025-09-02 23:35:00,23.583333333333332,1,Fog,0.4496922227911009,8.925502809061829,7.503132947363322
1500,Local,2025-09-02 23:40:00,23.666666666666668,1,Clear,0.5170636285130048,2.6554059212396113,3.4858503277961765
1501,Freight,2025-09-02 23:45:00,23.75,1,Clear,0.6045028210531516,7.424836809631369,8.927917111391187
1502,Express,2025-09-02 23:50:00,23.833333333333332,1,Clear,0.42320574560952967,6.035302375944531,4.039634886160567
1503,Express,2025-09-02 23:55:00,23.916666666666668,1,Rain,1.0,10.956666722834937,10.0690112969611
1504,Freight,2025-09-03 00:00:00,0.0,2,Clear,0.5460141518382804,8.937495341266933,8.271571089212472
1505,Express,2025-09-03 00:05:00,0.08333333333333333,2,Rain,0.5843173221228911,4.2891461918735905,5.389300424845286
1506,Express,2025-09-03 00:10:00,0.16666666666666666,2,Fog,0.5879002461240452,8.543047349920387,8.0852744837685
1507,Freight,2025-09-03 00:15:00,0.25,2,Clear,0.8348984866695075,6.438889465264015,6.825989167738417
1508,Freight,2025-09-03 00:20:00,0.3333333333333333,2,Clear,0.44120661046716353,4.986167412406038,6.504041159086848
1509,Freight,2025-09-03 00:25:00,0.4166666666666667,2,Rain,0.4285941598386781,9.622670088975447,9.572896401794488
1510,Express,2025-09-03 00:30:00,0.5,2,Clear,0.6397656840405069,6.17255884101462,5.680539993021821
1511,Local,2025-09-03 00:35:00,0.5833333333333334,2,Clear,0.3947930314664839,2.5483075127389743,3.411083276782095
1512,Express,2025-09-03 00:40:00,0.6666666666666666,2,Rain,0.7119872768093244,9.18950488320982,8.505935560009341
1513,Local,2025-09-03 00:45:00,0.75,2,Rain,0.22680885775989312,4.765687335409203,4.622298868066952
1514,Local,2025-09-03 00:50:00,0.8333333333333334,2,Clear,0.2941256983635857,-0.46294556772344597,1.0594136184944452
1515,Freight,2025-09-03 00:55:00,0.9166666666666666,2,Clear,0.722537674997985,5.556265166290366,7.263623123883313
1516,Local,2025-09-03 01:00:00,1.0,2,Clear,0.4688203644126665,3.876365819347585,3.7163475934947976
1517,Local,2025-09-03 01:05:00,1.0833333333333333,2,Clear,0.6003565472335091,3.5565543057408453,4.882601991822884
1518,Freight,2025-09-03 01:10:00,1.1666666666666667,2,Clear,0.3072482147578778,4.272975340307067,3.9291874587571813
1519,Express,2025-09-03 01:15:00,1.25,2,Clear,0.49026952968590976,2.556582605435619,3.4808157497039236
1520,Freight,2025-09-03 01:20:00,1.3333333333333333,2,Clear,0.1307624275523812,1.429023589839388,2.925552844929467
1521,Express,2025-09-03 01:25:00,1.4166666666666667,2,Clear,0.3699952131186204,0.37229428037959744,1.376251652461096
1522,Local,2025-09-03 01:30:00,1.5,2,Fog,0.35565248933254934,5.940876595686826,6.487556680274092
1523,Local,2025-09-03 01:35:00,1.5833333333333335,2,Clear,0.4456689779347893,2.9045838116327145,2.07485139375354
1524,Express,2025-09-03 01:40:00,1.6666666666666665,2,Fog,0.6622793108983185,5.495926931639535,4.677149287884674
1525,Express,2025-09-03 01:45:00,1.75,2,Clear,0.8075863836825106,8.152336546607717,7.880841235782069
1526,Freight,2025-09-03 01:50:00,1.8333333333333335,2,Clear,0.6102952550479046,8.733645884016566,8.342949963088422
1527,Freight,2025-09-03 01:55:00,1.9166666666666665,2,Clear,0.23470557433778338,4.9059750080767826,4.949451957890645
1528,Local,2025-09-03 02:00:00,2.0,2,Clear,0.6144114883428289,6.686440255928853,5.562086896058351
1529,Express,2025-09-03 02:05:00,2.0833333333333335,2,Clear,0.4331845538040119,3.37764876317276,3.5520030210755955
1530,Express,2025-09-03 02:10:00,2.1666666666666665,2,Clear,0.47370548086566644,5.057562990838794,5.494327228077012
1531,Freight,2025-09-03 02:15:00,2.25,2,Clear,0.1786845798522641,9.952729366214912,8.571275287524426
1532,Local,2025-09-03 02:20:00,2.3333333333333335,2,Clear,0.39940504588973136,5.217628835014001,4.9234047060005075
1533,Freight,2025-09-03 02:25:00,2.4166666666666665,2,Clear,0.4531184399367356,4.460638256131361,5.15117930844762
1534,Express,2025-09-03 02:30:00,2.5,2,Clear,0.48656434199012893,3.16991813943189,2.48786607371927
1535,Local,2025-09-03 02:35:00,2.5833333333333335,2,Clear,0.7974492310671855,8.256067877928256,7.784065607008981
1536,Freight,2025-09-03 02:40:00,2.6666666666666665,2,Clear,0.5964497905361315,5.972529962951466,5.103373898562193
1537,Local,2025-09-03 02:45:00,2.75,2,Clear,0.6774581674533484,7.222093170762867,7.431406990342229
1538,Local,2025-09-03 02:50:00,2.8333333333333335,2,Clear,0.3428027934730035,1.5985461501353475,1.2947275545304717
1539,Freight,2025-09-03 02:55:00,2.9166666666666665,2,Clear,0.6443125010252287,5.881582029736486,5.188663406704875
1540,Freight,2025-09-03 03:00:00,3.0,2,Clear,0.8985030706336237,7.308148112326466,7.857705248235047
1541,Local,2025-09-03 03:05:00,3.0833333333333335,2,Clear,0.6719175773959604,4.162609149262926,6.082282305460582
1542,Express,2025-09-03 03:10:00,3.1666666666666665,2,Clear,0.4013754355200456,5.039009725778646,6.295516620057902
1543,Express,2025-09-03 03:15:00,3.25,2,Clear,0.6626410373495955,6.896641310769886,6.556590016200996
1544,Freight,2025-09-03 03:20:00,3.3333333333333335,2,Clear,0.43373832336333545,4.292805944606714,5.377956471164512
1545,Local,2025-09-03 03:25:00,3.4166666666666665,2,Clear,0.33491789400420896,-0.015099325134359187,1.307358631609211
1546,Freight,2025-09-03 03:30:00,3.5,2,Clear,0.6097767670634728,7.023294755270541,7.148749015273442
1547,Express,2025-09-03 03:35:00,3.5833333333333335,2,Clear,0.5655759048318715,3.0824497335805274,3.9338561678408412
1548,Local,2025-09-03 03:40:00,3.6666666666666665,2,Clear,0.5734963330948609,5.7357201282016215,4.813918626224369
1549,Freight,2025-09-03 03:45:00,3.75,2,Clear,0.5965375774418425,10.561424158984222,11.692312594310138
1550,Express,2025-09-03 03:50:00,3.8333333333333335,2,Clear,0.6111025292684497,2.411875339033424,2.8292421526385088
1551,Express,2025-09-03 03:55:00,3.9166666666666665,2,Clear,0.44098201715241875,6.515979985546345,5.597525541603931
1552,Local,2025-09-03 04:00:00,4.0,2,Clear,0.35808402905016545,1.4144773025259527,1.6314943529503232
1553,Local,2025-09-03 04:05:00,4.083333333333333,2,Clear,0.43830344230883606,1.3098116481736,1.874585652344542
1554,Express,2025-09-03 04:10:00,4.166666666666667,2,Fog,0.7042766590858797,9.81656218801717,11.402545500255128
1555,Local,2025-09-03 04:15:00,4.25,2,Clear,0.12401512297219097,1.5421343602028479,1.0075052740804127
1556,Local,2025-09-03 04:20:00,4.333333333333333,2,Clear,0.565564234568617,6.228029734194823,7.241925686487361
1557,Local,2025-09-03 04:25:00,4.416666666666667,2,Clear,0.5171374322806718,2.904031109797762,3.3121319489579824
1558,Local,2025-09-03 04:30:00,4.5,2,Clear,0.6716902233313331,5.5991381950332,5.5609002000731715
1559,Local,2025-09-03 04:35:00,4.583333333333333,2,Clear,0.21028171707329119,7.391309458725534,8.503276484499697
1560,Local,2025-09-03 04:40:00,4.666666666666667,2,Clear,0.5561272808980273,9.226110126385294,8.85400465377843
1561,Freight,2025-09-03 04:45:00,4.75,2,Clear,0.5778318391335857,9.034252214927069,9.659929502423282
1562,Local,2025-09-03 04:50:00,4.833333333333333,2,Clear,0.3399922871204707,5.150342708176254,3.9129045734921144
1563,Freight,2025-09-03 04:55:00,4.916666666666667,2,Clear,0.408539668982642,5.901210444321816,8.14809977830642
1564,Freight,2025-09-03 05:00:00,5.0,2,Clear,0.3786599410469407,7.89460598726745,6.6945270308405895
1565,Local,2025-09-03 05:05:00,5.083333333333333,2,Fog,0.401619510498759,3.276323096874942,2.656611650908806
1566,Express,2025-09-03 05:10:00,5.166666666666667,2,Clear,0.3751309220573552,2.276990152494219,2.8817348170324317
1567,Freight,2025-09-03 05:15:00,5.25,2,Clear,0.058886788580186145,4.518679043735312,5.656364714160128
1568,Local,2025-09-03 05:20:00,5.333333333333333,2,Clear,0.619758877912382,6.321060446131958,7.055234244910454
1569,Freight,2025-09-03 05:25:00,5.416666666666667,2,Clear,0.5163991112827121,9.296464434721237,8.507407747345718
1570,Freight,2025-09-03 05:30:00,5.5,2,Clear,0.5819525591918995,7.1729095049294465,5.769539534804256
1571,Express,2025-09-03 05:35:00,5.583333333333333,2,Clear,0.6395806545078055,5.893819812595941,5.430635017328356
1572,Freight,2025-09-03 05:40:00,5.666666666666667,2,Clear,0.8399914749152761,11.373670745226452,11.183035153961427
1573,Local,2025-09-03 05:45:00,5.75,2,Clear,0.6882621161534966,9.530139500994826,9.7481853963872
1574,Express,2025-09-03 05:50:00,5.833333333333333,2,Clear,0.2820733925315223,0.7524084403436978,1.1229165389337268
1575,Freight,2025-09-03 05:55:00,5.916666666666667,2,Clear,0.21888659616427159,5.017091140333557,3.497807216691788
1576,Freight,2025-09-03 06:00:00,6.0,2,Clear,0.3684330892295726,6.827715089115355,7.919648989510668
1577,Freight,2025-09-03 06:05:00,6.083333333333333,2,Clear,0.6780495001673017,4.822037947477502,5.717107789754106
1578,Express,2025-09-03 06:10:00,6.166666666666667,2,Clear,0.5926412584198246,2.6697461502651243,1.8215719375984563
1579,Freight,2025-09-03 06:15:00,6.25,2,Clear,0.2534953370462982,4.709454952503366,4.127428385418639
1580,Express,2025-09-03 06:20:00,6.333333333333333,2,Clear,0.29828906318475834,0.3496500472996937,0.0
1581,Express,2025-09-03 06:25:00,6.416666666666667,2,Clear,0.18703944572758896,3.17847672575206,3.4805222252419243
1582,Freight,2025-09-03 06:30:00,6.5,2,Clear,0.5670116058168235,8.503649139075025,8.034381549266499
1583,Express,2025-09-03 06:35:00,6.583333333333333,2,Clear,0.1928855753585788,4.283359606139039,3.670890812125437
1584,Freight,2025-09-03 06:40:00,6.666666666666667,2,Fog,0.2966633742847006,7.252512010732169,7.2918192983598
1585,Freight,2025-09-03 06:45:00,6.75,2,Clear,0.47310064311965344,7.689918120632171,9.002137314063578
1586,Express,2025-09-03 06:50:00,6.833333333333333,2,Clear,0.6244139980612098,7.79115914812728,7.4043506274380775
1587,Local,2025-09-03 06:55:00,6.916666666666667,2,Clear,0.7181960850371933,7.852882175591372,6.807793701506618
1588,Local,2025-09-03 07:00:00,7.0,2,Fog,0.4297171528572535,8.886700968865735,9.705129634807736
1589,Express,2025-09-03 07:05:00,7.083333333333333,2,Clear,0.8064735449356233,4.474113347944959,6.574139855596583
1590,Express,2025-09-03 07:10:00,7.166666666666667,2,Fog,0.6251016033662071,7.92871663052317,8.521072586175224
1591,Local,2025-09-03 07:15:00,7.25,2,Clear,0.5247095391911165,4.5121054634960975,3.0304420610334986
1592,Freight,2025-09-03 07:20:00,7.333333333333333,2,Clear,0.8925174381061589,10.373959007741004,9.362495972332647
1593,Express,2025-09-03 07:25:00,7.416666666666667,2,Clear,0.7682951831061762,9.756534403655037,8.071520124946527
1594,Express,2025-09-03 07:30:00,7.5,2,Clear,0.8974122223398883,4.987393757243949,5.322531538415401
1595,Express,2025-09-03 07:35:00,7.583333333333333,2,Clear,0.5684675668979243,8.373102219369319,7.519126242817094
1596,Freight,2025-09-03 07:40:00,7.666666666666667,2,Rain,0.5087029337286932,7.638936553714871,10.168496631409173
1597,Express,2025-09-03 07:45:00,7.75,2,Clear,0.4406785081860403,4.212246463753241,4.416717684739362
1598,Local,2025-09-03 07:50:00,7.833333333333333,2,Clear,0.40683888617636743,4.065410328316421,4.139357893924814
1599,Express,2025-09-03 07:55:00,7.916666666666667,2,Clear,0.40966810476807547,1.8194891826336688,1.1967779587334002
